n_total,split,ratio,imbalance,n_hsp1,share_hsp1,mean_rho_HSP1,mean_raw_HSP1,mass_HSP1,n_hsp2,share_hsp2,mean_rho_HSP2,mean_raw_HSP2,mass_HSP2,n_hsp3,share_hsp3,mean_rho_HSP3,mean_raw_HSP3,mass_HSP3,n_hsp4,share_hsp4,mean_rho_HSP4,mean_raw_HSP4,mass_HSP4,n_hsp5,share_hsp5,mean_rho_HSP5,mean_raw_HSP5,mass_HSP5,rho_BS1_HSP1,N_BS1_HSP1,rho_BS1_HSP2,N_BS1_HSP2,rho_BS1_HSP3,N_BS1_HSP3,rho_BS1_HSP4,N_BS1_HSP4,rho_BS1_HSP5,N_BS1_HSP5,rho_BS2_HSP1,N_BS2_HSP1,rho_BS2_HSP2,N_BS2_HSP2,rho_BS2_HSP3,N_BS2_HSP3,rho_BS2_HSP4,N_BS2_HSP4,rho_BS2_HSP5,N_BS2_HSP5,rho_BS3_HSP1,N_BS3_HSP1,rho_BS3_HSP2,N_BS3_HSP2,rho_BS3_HSP3,N_BS3_HSP3,rho_BS3_HSP4,N_BS3_HSP4,rho_BS3_HSP5,N_BS3_HSP5
74454,3723-17683-17683-17683-17682,,0.2375023504445698,3723,0.05000402933354823,0.18202476630915232,0.27530290472312907,424.10946603851016,17683,0.2375023504445698,0.8794791686085084,1.3301660794343833,2045.923882822362,17683,0.2375023504445698,0.8754858782988104,1.324126437445252,2037.4927044475392,17683,0.2375023504445698,0.8793404293680255,1.329956243615453,2045.6415370910786,17682,0.23748891933274235,0.8705817411494238,1.3167091874206391,2027.1540059240422,0.14109645409702226,932,0.6527807664652802,4433,0.6471537956775553,4304,0.6734456677036962,4503,0.6541688645044687,4427,0.20036985177823824,1371,0.9862868342368841,6606,1.0,6686,0.9877540552479204,6637,0.9711246188359973,6564,0.2046079930521965,1420,0.999369905123361,6644,0.9793038392188759,6693,0.9768215651524595,6543,0.9864517401078055,6691
74454,7445-16753-16752-16752-16752,,0.22501141644505332,7445,0.09999462755526903,0.38586264269590514,0.5593029187560874,860.3547908394999,16753,0.22501141644505332,0.8662307220849357,1.2555902478491967,1931.8843047834887,16752,0.22499798533322588,0.8697637183667193,1.260711280345502,1939.0064613502618,16752,0.22499798533322588,0.8651192827880223,1.2539792309379958,1929.6333699585389,16752,0.22499798533322588,0.860079428132984,1.2466740266845464,1919.4426693917424,0.2934048739066623,1861,0.6475185371724108,4205,0.6390392407373997,4091,0.660357908054574,4232,0.6485805404174454,4210,0.43674737735058156,2777,0.9605139051885087,6229,1.0,6352,0.9668624360223201,6276,0.9615008356634324,6230,0.4274356768304718,2807,0.9906597238938872,6319,0.9702519143627581,6309,0.9681375042871727,6244,0.9701569083180746,6312
74454,11168-15822-15822-15821-15821,,0.2125070513337094,11168,0.14999865688881725,0.6064418530161456,0.8332782229368974,1282.6359826562116,15822,0.2125070513337094,0.8668775209893803,1.1911284760465606,1831.9253746614181,15822,0.2125070513337094,0.8658979134153933,1.1897824514369997,1830.02538446492,15821,0.21249362022188198,0.8606518730400289,1.1825741573858919,1819.9954304285795,15821,0.21249362022188198,0.8584276318299603,1.1795179505068798,1815.7394241124011,0.4718512440407087,2853,0.6300798748001838,3893,0.6457244822578342,3903,0.6537173062924978,3982,0.6461461124969514,3968,0.6716587336438978,4118,0.9705526881679574,5921,0.997173285394257,5975,0.9622158273307834,5959,0.9615361448294186,5891,0.6758155813638306,4197,1.0,6008,0.9547959725940887,5944,0.9660224854968051,5880,0.9676006381635109,5962
74454,14891-14891-14891-14891-14890,,0.2000026862223655,14891,0.2000026862223655,0.8520193099564454,1.110628283050754,1709.6181464065335,14891,0.2000026862223655,0.8615247661780141,1.1230188807750177,1726.8969001378696,14891,0.2000026862223655,0.8583184951486871,1.1188394270388353,1721.0352271255308,14891,0.2000026862223655,0.8531848220501667,1.1121475569456034,1711.7459783918998,14890,0.19998925511053806,0.8527945346914061,1.1116388077023747,1711.0253442617009,0.6591317945142958,3785,0.6265376377072058,3649,0.6352875089731789,3670,0.6451191139176141,3759,0.6463001859664911,3736,0.9441005479410504,5540,0.9580366608268366,5527,0.9979661043492105,5654,0.9559652346586229,5584,0.9539451280476736,5559,0.9528255874139903,5566,1.0,5715,0.941701872123672,5567,0.9584701175742628,5548,0.9581382900600535,5595
74454,18614-13960-13960-13960-13960,,0.2500067155559137,18614,0.2500067155559137,0.8866827017327993,1.395133552535586,2146.585831813743,13960,0.18749832111102158,0.6666267159952206,1.0488907663181273,1613.4790319523904,13960,0.18749832111102158,0.6654877096270848,1.047098619028423,1610.9329582355979,13960,0.18749832111102158,0.6635174382695145,1.0439985341015665,1606.6560196170415,13960,0.18749832111102158,0.6617010319748223,1.0411405451481233,1602.6677547047602,0.6737640047079964,4674,0.4872036591790684,3417,0.503532173480257,3508,0.4963953086568883,3501,0.5004320536843004,3499,0.9862841004904014,6943,0.7448357030726713,5194,0.7707451932250382,5277,0.7483642903331804,5254,0.7346650555382152,5196,1.0,6997,0.7678407857339222,5349,0.7221857621759593,5175,0.7457927158184747,5205,0.7500059867019516,5265
74454,22336-13030-13030-13029-13029,,0.2999973137776345,22336,0.2999973137776345,0.882852749250948,1.6773627806387317,2580.36280487929,13030,0.1750073871115051,0.5109610603908598,0.9707927689895076,1494.5201631816603,13030,0.1750073871115051,0.5154813195461031,0.9793809672731738,1506.450904019679,13029,0.17499395599967765,0.5152347042181861,0.9789124141961923,1505.8323602717815,13029,0.17499395599967765,0.5104514124171317,0.9698244709997415,1493.15536397112,0.6613880354375846,5611,0.3769374014549828,3181,0.39570707119300563,3273,0.38203620964069007,3258,0.3879208225261705,3276,0.9871702123152593,8325,0.5757498655734244,4889,0.5890925113352399,4893,0.5828277683665303,4906,0.56524176500199,4851,1.0,8400,0.5801959141441719,4960,0.5616443761100638,4864,0.5808401346473381,4865,0.5781916497232347,4902
74454,26059-12099-12099-12099-12098,,0.35000134311118275,26059,0.35000134311118275,0.8793284358417224,1.9556519810807502,3008.65683934293,12099,0.16250302200016117,0.40576133595464753,0.9024249963508651,1389.1052506434403,12099,0.16250302200016117,0.40820768821289644,0.9078657548266061,1396.7057419228004,12099,0.16250302200016117,0.4081474180573452,0.9077317122501359,1396.516513057502,12098,0.16248959088833373,0.4058340921328565,0.9025868082043781,1389.3372513568588,0.6584604820856085,6524,0.3000368063748411,2941,0.31283850987602385,3049,0.3025175908422807,3050,0.3089647365635803,3035,0.9795248254395585,9684,0.4696422811225916,4623,0.4604156082997702,4533,0.4587613151674371,4506,0.4508232543327806,4518,1.0,9851,0.4476049203665099,4535,0.45136894646289527,4517,0.4631633481623178,4543,0.4577142855022086,4545
74454,29782-11168-11168-11168-11168,,0.400005372444731,29782,0.400005372444731,0.8774717180899341,2.2336310740718868,3436.5150465443967,11168,0.14999865688881725,0.33076769687425994,0.8419792807063612,1294.7305104288498,11168,0.14999865688881725,0.3260473456188975,0.8299634823311579,1278.01381311993,11168,0.14999865688881725,0.3285429594011117,0.8363161434801348,1286.873624897701,11168,0.14999865688881725,0.32778698950670637,0.8343917990113666,1284.188601332648,0.6583676051840607,7434,0.2412952848205136,2723,0.24892117574086925,2806,0.24706341384556937,2850,0.24936573299651155,2786,0.9740475490857413,11067,0.391028404071853,4291,0.3669417002037104,4200,0.3704540873754317,4160,0.3606707730728287,4146,1.0,11281,0.35997940173041326,4154,0.3622791609121128,4162,0.3681113769823342,4158,0.3733244624507789,4236
74454,33504-10238-10238-10237-10237,,0.44999597066645175,33504,0.44999597066645175,0.8785828917273485,2.5114528223722528,3864.1464669993975,10238,0.13750772288930077,0.2695333776765547,0.7704684082323094,1184.9696596527808,10238,0.13750772288930077,0.267281036581896,0.7640300306445053,1176.0303888372403,10237,0.13749429177747333,0.26904057692461675,0.7690597240307673,1183.0270684569296,10237,0.13749429177747333,0.2663126994038294,0.7612620127810091,1172.148012377178,0.6535024374543343,8325,0.20425613895306577,2554,0.20643450530117188,2607,0.19951596092549823,2575,0.20118222331441943,2538,0.9822462377277111,12494,0.3124388193292237,3882,0.29937038816087563,3840,0.3051996972659174,3828,0.2941747475425464,3820,1.0,12685,0.29190517474737465,3802,0.2960382162836404,3791,0.30240607258243474,3834,0.3035811273545223,3879
74454,37227-9307-9307-9307-9306,,0.5,37227,0.5,0.8864586335554664,2.787974375742292,4289.973165349015,9307,0.12500335777795685,0.22356728602136858,0.7031347443499438,1081.02465665272,9307,0.12500335777795685,0.22146013372704734,0.6965076030711775,1071.8085998022311,9307,0.12500335777795685,0.221772062067615,0.6974886395094854,1073.1683248745999,9306,0.12498992666612942,0.21976297418470034,0.6911699176603738,1064.3468496449686,0.6619277848736174,9245,0.17079665255621124,2354,0.168426290691959,2348,0.1649759667762292,2353,0.16529988265602027,2299,0.9974481157927819,13953,0.25419491637077635,3461,0.24769098425019387,3518,0.2509138655246762,3448,0.24335104294428841,3484,1.0,14029,0.24571028913711815,3492,0.24826312623898913,3441,0.24942635390193962,3506,0.25063799695379224,3523
74454,40950-8376-8376-8376-8376,,0.5500040293335482,40950,0.5500040293335482,0.8851166065669691,3.0755762111066987,4731.245556973261,8376,0.11249899266661294,0.17874704556500096,0.6211047867213724,956.5762539343707,8376,0.11249899266661294,0.18214791483792733,0.6329220236315065,973.0571160241695,8376,0.11249899266661294,0.1783514817312266,0.6197302935663412,954.67385711718,8376,0.11249899266661294,0.18043146799495502,0.6269577664492237,964.7688122745587,0.6590708679397367,10157,0.14043606206928633,2142,0.13503102865180186,2090,0.13641271434218313,2151,0.13414437909490154,2059,1.0,15358,0.20076680075027387,3113,0.20255666668612732,3163,0.20088231058903047,3098,0.20020589327423885,3132,0.9962789517611708,15435,0.1950382738754427,3121,0.2088560491758527,3123,0.19775942026246618,3127,0.2069441316157246,3185
74454,44672-7446-7446-7445-7445,,0.599994627555269,44672,0.599994627555269,0.886932732276018,3.35218679767546,5157.185359519935,7446,0.10000805866709646,0.14640723073541398,0.5533501787627623,852.0740105732511,7446,0.10000805866709646,0.14791813671952236,0.5590606897272856,860.036881968649,7445,0.09999462755526903,0.14634016949755715,0.5530967189591055,851.7105336321898,7445,0.09999462755526903,0.14778198720487104,0.5585461088702313,859.3148106295087,0.6625187196885931,11104,0.11105830875005689,1859,0.11143900981153798,1900,0.11196888761085017,1888,0.11093487757118937,1848,1.0,16720,0.1665027267723521,2838,0.16340372125466318,2747,0.16488948773757175,2785,0.16411753043576444,2774,0.998279477139461,16848,0.16166065668383303,2749,0.1689116790923659,2799,0.16216213314424957,2772,0.16829355360765932,2823
74454,48395-6515-6515-6515-6514,,0.6499986568888173,48395,0.6499986568888173,0.8871825152268205,3.627387079984532,5581.164746880631,6515,0.08750369355575255,0.11956552197877508,0.48886268856023535,752.0711964648712,6515,0.08750369355575255,0.11989091589829164,0.4901931134494794,753.930289006909,6515,0.08750369355575255,0.1180238617059481,0.48255936488173795,743.2965875648092,6514,0.0874902624439251,0.1191760162380066,0.4872701322740216,749.8587764063099,0.6663656021771608,12065,0.09056298778267098,1655,0.08696343872467437,1603,0.08978094826196462,1656,0.09048307812162647,1620,1.0,18107,0.1326022976811827,2462,0.13824232594357047,2444,0.13088028434911173,2426,0.13177885975997414,2425,0.9951819435033006,18223,0.13553128047247157,2398,0.1344669830266301,2468,0.13341035250676794,2433,0.1352661108324192,2469
74454,52118-5584-5584-5584-5584,,0.7000026862223655,52118,0.7000026862223655,0.8858463853391129,3.9055304411819307,6009.259370093179,5584,0.07499932844440863,0.09617851920930771,0.4240330386582289,651.6195568386097,5584,0.07499932844440863,0.09352076693877359,0.4123155077527798,635.2540680590897,5584,0.07499932844440863,0.09411970617985443,0.4149561184468837,638.9615803163199,5584,0.07499932844440863,0.0951368971137958,0.4194407223497166,645.2270210163299,0.6631617609083236,12963,0.07338579899249673,1426,0.06927149747029067,1424,0.07200329644716463,1399,0.07197403043088965,1387,1.0,19558,0.10601432819717928,2076,0.10787681577172241,2084,0.102166248253124,2062,0.10607861249451529,2084,0.994377395109015,19597,0.10913543043824715,2082,0.10341398757430771,2076,0.10818957383927472,2123,0.10735804841598244,2113
74454,55840-4654-4654-4653-4653,,0.7499932844440863,55840,0.7499932844440863,0.8880580578382448,4.18759079806318,6442.801494443467,4654,0.06250839444489215,0.07369500824662206,0.3475049133025889,534.8523471753099,4654,0.06250839444489215,0.07422037942713301,0.349982273314873,538.3209050597899,4653,0.06249496333306471,0.0727038916028669,0.3428313551939001,528.31245358144,4653,0.06249496333306471,0.07387376611204541,0.3483478365616272,536.03439606353,0.6677378678835064,13947,0.05330311251450892,1153,0.05673234912047804,1200,0.05540674092518033,1155,0.054843608673334765,1144,1.0,20932,0.0845142933765002,1736,0.08283829560422229,1712,0.07979313979128438,1749,0.08252101271269525,1735,0.9964363056312278,20961,0.0832676188488571,1765,0.0830904935566987,1742,0.082911794092136,1749,0.08425667695010622,1774
74454,59563-3723-3723-3723-3722,,0.7999973137776345,59563,0.7999973137776345,0.8882111942467814,4.464505510553438,6869.178784311829,3723,0.05000402933354823,0.05517748760596902,0.27734417115092036,426.9542106790499,3723,0.05000402933354823,0.05488068118639744,0.27585230310835573,424.87379070314,3723,0.05000402933354823,0.05536473960292928,0.2782853747494633,428.28528578946987,3722,0.04999059822172079,0.05575794845025961,0.28026180003781304,431.0295248400398,0.6654271686516231,14862,0.04137200537040438,951,0.042871342260229664,938,0.0420857578781437,934,0.04133010205495446,914,1.0,22305,0.06474292048348584,1413,0.059252462045802666,1372,0.061274819698355375,1379,0.062130940308635536,1395,0.9992064140887211,22396,0.059417536964016845,1359,0.06251823925316001,1413,0.06273364123228875,1410,0.06381280298718885,1413
74454,63286-2792-2792-2792-2792,,0.8500013431111827,63286,0.8500013431111827,0.8860246424923833,4.741837709667288,7296.132994990872,2792,0.03749966422220431,0.038760735616865216,0.20744018731293404,319.41978905809015,2792,0.03749966422220431,0.038776906731745685,0.2075267320868264,319.54179125823026,2792,0.03749966422220431,0.03944532410404345,0.21110397649939985,324.5354222980702,2792,0.03749966422220431,0.03892905339764674,0.20834099250710136,320.69159871825974,0.6638203769941923,15813,0.031513365988266206,727,0.02780553584575278,672,0.03098930119129319,710,0.028305111087630373,677,1.0,23718,0.04156187315449508,1014,0.04260259539983655,1048,0.043543381240645725,1037,0.04384397951125637,1047,0.9942535504829579,23755,0.04320696770783436,1051,0.04592258894964772,1072,0.04380328988019143,1045,0.04463806959405348,1068
74454,67009-1862-1861-1861-1861,,0.900005372444731,67009,0.900005372444731,0.8881464329434362,5.017674675728457,7721.006785694017,1862,0.025008730222687833,0.024632982932122155,0.1391665721569502,214.17684293318004,1861,0.024995299110860396,0.024626266946057674,0.13912862950250904,214.1084428562903,1861,0.024995299110860396,0.024813220791726997,0.14018484449380966,215.58765223800987,1861,0.024995299110860396,0.024794424811787914,0.14007865467077193,215.4418726020299,0.6669711503087732,16751,0.01807869882050877,462,0.019366413770995364,472,0.019758387186229714,494,0.01701275801790701,420,1.0,25090,0.027012185368790388,690,0.027503907897027266,689,0.02736673392599411,695,0.027910787740607942,700,0.9974681485215355,25168,0.028808064607067307,710,0.02700847917015039,700,0.02731454126295717,672,0.029459728676848786,741
